date,open,high,low,close,volume,unadjustedVolume,change,changePercent,vwap,label,changeOverTime
2017-05-15,2.34,2.46,2.34,2.45,2104095,2104095,0.13,5.603,2.4164,"May 15, 17",0
2017-05-16,2.47,2.51,2.43,2.49,1836098,1836098,0.04,1.633,2.476,"May 16, 17",0.01632653061224491
2017-05-17,2.46,2.47,2.33,2.37,2323268,2323268,-0.12,-4.819,2.3817,"May 17, 17",-0.03265306122448982
2017-05-18,2.19,2.2,1.895,1.91,6658423,6658423,-0.46,-19.409,1.9908,"May 18, 17",-0.2204081632653062
2017-05-19,2.05,2.13,2.02,2.1,2620823,2620823,0.19,9.948,2.0908,"May 19, 17",-0.14285714285714288
2017-05-22,2.06,2.115,1.96,2.1,3082981,3082981,0,0,2.044,"May 22, 17",-0.14285714285714288
2017-05-23,2.07,2.18,2.065,2.13,2059423,2059423,0.03,1.429,2.1286,"May 23, 17",-0.13061224489795928
2017-05-24,2.1,2.16,2.09,2.09,1521691,1521691,-0.04,-1.878,2.1172,"May 24, 17",-0.1469387755102042
2017-05-25,2.07,2.15,2.05,2.1,1476700,1476700,0.01,0.478,2.0848,"May 25, 17",-0.14285714285714288
2017-05-26,2.12,2.14,2.11,2.12,804253,804253,0.02,0.952,2.1226,"May 26, 17",-0.13469387755102044
2017-05-30,2.17,2.2,2.15,2.19,1605086,1605086,0.07,3.302,2.1755,"May 30, 17",-0.10612244897959193
2017-05-31,2.16,2.185,2.07,2.07,2415941,2415941,-0.12,-5.479,2.1027,"May 31, 17",-0.15510204081632667
2017-06-01,2.12,2.1399,2.03,2.03,1205325,1205325,-0.04,-1.932,2.0747,"Jun 1, 17",-0.17142857142857157
2017-06-02,2.1,2.1,2.02,2.05,1056638,1056638,0.02,0.985,2.0479,"Jun 2, 17",-0.1632653061224491
2017-06-05,2.01,2.045,1.985,2.01,1360488,1360488,-0.04,-1.951,2.0059,"Jun 5, 17",-0.17959183673469403
2017-06-06,2.02,2.04,1.96,1.98,2038172,2038172,-0.03,-1.493,1.9896,"Jun 6, 17",-0.1918367346938776
2017-06-07,2.01,2.02,1.93,1.93,2309770,2309770,-0.05,-2.525,1.9591,"Jun 7, 17",-0.21224489795918375
2017-06-08,1.93,2.02,1.86,2.02,5575831,5575831,0.09,4.663,1.9171,"Jun 8, 17",-0.1755102040816327
2017-06-09,2.01,2.08,1.991,2.01,2657818,2657818,-0.01,-0.495,2.0419,"Jun 9, 17",-0.17959183673469403
2017-06-12,2,2.04,1.92,1.95,1881702,1881702,-0.06,-2.985,1.973,"Jun 12, 17",-0.2040816326530613
2017-06-13,1.94,1.95,1.9,1.91,1035892,1035892,-0.04,-2.051,1.9229,"Jun 13, 17",-0.2204081632653062
2017-06-14,1.95,1.96,1.91,1.94,975350,975350,0.03,1.571,1.9349,"Jun 14, 17",-0.20816326530612253
2017-06-15,1.89,2,1.81,1.91,2819470,2819470,-0.03,-1.546,1.8713,"Jun 15, 17",-0.2204081632653062
2017-06-16,1.89,1.915,1.85,1.85,3560289,3560289,-0.06,-3.141,1.8692,"Jun 16, 17",-0.2448979591836735
2017-06-19,1.87,1.92,1.81,1.87,4890434,4890434,0.02,1.081,1.8695,"Jun 19, 17",-0.23673469387755103
2017-06-20,1.82,1.83,1.76,1.77,1844533,1844533,-0.1,-5.348,1.7798,"Jun 20, 17",-0.2775510204081633
2017-06-21,1.78,1.82,1.76,1.79,2561180,2561180,0.02,1.13,1.7868,"Jun 21, 17",-0.2693877551020409
2017-06-22,1.8,1.87,1.775,1.85,4073798,4073798,0.06,3.352,1.8259,"Jun 22, 17",-0.2448979591836735
2017-06-23,1.87,1.93,1.85,1.9,4143295,4143295,0.05,2.703,1.8952,"Jun 23, 17",-0.22448979591836743
2017-06-26,1.92,1.97,1.92,1.94,2551102,2551102,0.04,2.105,1.9469,"Jun 26, 17",-0.20816326530612253
2017-06-27,1.98,2.05,1.96,2.03,5228110,5228110,0.09,4.639,2.0236,"Jun 27, 17",-0.17142857142857157
2017-06-28,2.1,2.15,2.05,2.15,3511532,3511532,0.12,5.911,2.1041,"Jun 28, 17",-0.12244897959183683
2017-06-29,2.16,2.18,2.02,2.05,4960126,4960126,-0.1,-4.651,2.0817,"Jun 29, 17",-0.1632653061224491
2017-06-30,2.07,2.15,2.055,2.15,1874299,1874299,0.1,4.878,2.1211,"Jun 30, 17",-0.12244897959183683
2017-07-03,2.18,2.2,2.135,2.15,1245439,1245439,0,0,2.1659,"Jul 3, 17",-0.12244897959183683
2017-07-05,2.15,2.15,2.06,2.11,5346810,5346810,-0.04,-1.86,2.0976,"Jul 5, 17",-0.13877551020408174
2017-07-06,2.1,2.12,2.06,2.09,2102572,2102572,-0.02,-0.948,2.09,"Jul 6, 17",-0.1469387755102042
2017-07-07,2.14,2.17,2.11,2.15,1980228,1980228,0.06,2.871,2.141,"Jul 7, 17",-0.12244897959183683
2017-07-10,2.16,2.21,2.15,2.2,1379194,1379194,0.05,2.326,2.1906,"Jul 10, 17",-0.1020408163265306
2017-07-11,2.26,2.34,2.23,2.33,3871262,3871262,0.13,5.909,2.301,"Jul 11, 17",-0.04897959183673473
2017-07-12,2.4,2.43,2.32,2.41,4178076,4178076,0.08,3.433,2.3801,"Jul 12, 17",-0.01632653061224491
2017-07-13,2.4,2.41,2.34,2.37,2762792,2762792,-0.04,-1.66,2.3636,"Jul 13, 17",-0.03265306122448982
2017-07-14,2.37,2.43,2.37,2.38,1866243,1866243,0.01,0.422,2.397,"Jul 14, 17",-0.028571428571428685
2017-07-17,2.41,2.46,2.395,2.43,1835556,1835556,0.05,2.101,2.4223,"Jul 17, 17",-0.008163265306122455
2017-07-18,2.41,2.42,2.34,2.41,3127958,3127958,-0.02,-0.823,2.3903,"Jul 18, 17",-0.01632653061224491
2017-07-19,2.42,2.49,2.4,2.48,3145462,3145462,0.07,2.905,2.4501,"Jul 19, 17",0.012244897959183593
2017-07-20,2.45,2.45,2.35,2.37,3475374,3475374,-0.11,-4.435,2.3893,"Jul 20, 17",-0.03265306122448982
2017-07-21,2.38,2.39,2.3,2.31,1273136,1273136,-0.06,-2.532,2.3344,"Jul 21, 17",-0.05714285714285719
2017-07-24,2.31,2.38,2.3,2.36,1206274,1206274,0.05,2.165,2.3443,"Jul 24, 17",-0.03673469387755114
2017-07-25,2.42,2.47,2.3926,2.44,2165864,2165864,0.08,3.39,2.4347,"Jul 25, 17",-0.0040816326530613185
2017-07-26,2.39,2.39,2.31,2.36,1893722,1893722,-0.08,-3.279,2.3557,"Jul 26, 17",-0.03673469387755114
2017-07-27,2.37,2.37,2.27,2.32,2340179,2340179,-0.04,-1.695,2.315,"Jul 27, 17",-0.053061224489796055
2017-07-28,2.3,2.38,2.29,2.37,1782532,1782532,0.05,2.155,2.333,"Jul 28, 17",-0.03265306122448982
2017-07-31,2.43,2.45,2.395,2.44,1789006,1789006,0.07,2.954,2.4267,"Jul 31, 17",-0.0040816326530613185
2017-08-01,2.39,2.42,2.36,2.37,1629366,1629366,-0.07,-2.869,2.3889,"Aug 1, 17",-0.03265306122448982
2017-08-02,2.33,2.45,2.33,2.45,1289275,1289275,0.08,3.376,2.4144,"Aug 2, 17",0
2017-08-03,2.44,2.44,2.375,2.39,977516,977516,-0.06,-2.449,2.3971,"Aug 3, 17",-0.024489795918367366
2017-08-04,2.41,2.51,2.4,2.49,2279224,2279224,0.1,4.184,2.4763,"Aug 4, 17",0.01632653061224491
2017-08-07,2.58,2.7,2.56,2.69,3357935,3357935,0.2,8.032,2.6611,"Aug 7, 17",0.09795918367346929
2017-08-08,2.71,2.77,2.67,2.76,3137769,3137769,0.07,2.602,2.7363,"Aug 8, 17",0.12653061224489778
2017-08-09,2.7,2.735,2.62,2.65,1928741,1928741,-0.11,-3.986,2.6773,"Aug 9, 17",0.08163265306122437
2017-08-10,2.61,2.62,2.51,2.55,1659903,1659903,-0.1,-3.774,2.565,"Aug 10, 17",0.040816326530612096
2017-08-11,2.53,2.665,2.48,2.62,2194368,2194368,0.07,2.745,2.591,"Aug 11, 17",0.06938775510204079
2017-08-14,2.65,2.69,2.56,2.58,3363724,3363724,-0.04,-1.527,2.6482,"Aug 14, 17",0.05306122448979587
2017-08-15,2.57,2.59,2.52,2.55,1412735,1412735,-0.03,-1.163,2.554,"Aug 15, 17",0.040816326530612096
2017-08-16,2.59,2.6,2.51,2.54,3953670,3953670,-0.01,-0.392,2.5439,"Aug 16, 17",0.03673469387755096
2017-08-17,2.52,2.58,2.48,2.49,2109414,2109414,-0.05,-1.969,2.5283,"Aug 17, 17",0.01632653061224491
2017-08-18,2.57,2.59,2.52,2.57,1746337,1746337,0.08,3.213,2.5593,"Aug 18, 17",0.04897959183673455
2017-08-21,2.57,2.61,2.46,2.48,2308178,2308178,-0.09,-3.502,2.5437,"Aug 21, 17",0.012244897959183593
2017-08-22,2.53,2.58,2.49,2.5,1738864,1738864,0.02,0.806,2.537,"Aug 22, 17",0.020408163265306048
2017-08-23,2.47,2.62,2.445,2.6,1648117,1648117,0.1,4,2.5428,"Aug 23, 17",0.061224489795918324
2017-08-24,2.63,2.7,2.61,2.69,1309083,1309083,0.09,3.462,2.6706,"Aug 24, 17",0.09795918367346929
2017-08-25,2.74,2.77,2.67,2.7,2051496,2051496,0.01,0.372,2.719,"Aug 25, 17",0.1020408163265306
2017-08-28,2.72,2.72,2.64,2.66,1062695,1062695,-0.04,-1.481,2.6803,"Aug 28, 17",0.08571428571428569
2017-08-29,2.6,2.7,2.6,2.67,1218675,1218675,0.01,0.376,2.6611,"Aug 29, 17",0.08979591836734684
2017-08-30,2.67,2.7,2.625,2.69,2287211,2287211,0.02,0.749,2.6598,"Aug 30, 17",0.09795918367346929
2017-08-31,2.74,2.75,2.685,2.71,1697203,1697203,0.02,0.743,2.7216,"Aug 31, 17",0.10612244897959174
2017-09-01,2.81,2.96,2.78,2.89,5029371,5029371,0.18,6.642,2.8936,"Sep 1, 17",0.17959183673469384
2017-09-05,3.07,3.14,2.9701,3.05,9864382,9864382,0.16,5.536,3.0514,"Sep 5, 17",0.2448979591836733
2017-09-06,3.05,3.13,3.005,3.11,2616358,2616358,0.06,1.967,3.0739,"Sep 6, 17",0.26938775510204066
2017-09-07,3.15,3.22,3.12,3.18,3458343,3458343,0.07,2.251,3.1709,"Sep 7, 17",0.29795918367346935
2017-09-08,3.2,3.246,3.11,3.16,4255444,4255444,-0.02,-0.629,3.1812,"Sep 8, 17",0.2897959183673469
2017-09-11,3.26,3.42,3.25,3.36,3924932,3924932,0.2,6.329,3.3527,"Sep 11, 17",0.3714285714285713
2017-09-12,3.33,3.49,3.31,3.34,3640569,3640569,-0.02,-0.595,3.4018,"Sep 12, 17",0.36326530612244884
2017-09-13,3.28,3.311,3.24,3.27,2414093,2414093,-0.07,-2.096,3.2683,"Sep 13, 17",0.3346938775510203
2017-09-14,3.21,3.29,3.16,3.28,4147638,4147638,0.01,0.306,3.2333,"Sep 14, 17",0.3387755102040815
2017-09-15,3.28,3.43,3.28,3.42,1720773,1720773,0.14,4.268,3.3851,"Sep 15, 17",0.39591836734693864
2017-09-18,3.43,3.55,3.42,3.54,5588504,5588504,0.12,3.509,3.4987,"Sep 18, 17",0.44489795918367336
2017-09-19,3.52,3.53,3.365,3.43,3596601,3596601,-0.11,-3.107,3.4161,"Sep 19, 17",0.39999999999999997
2017-09-20,3.49,3.5,3.2801,3.33,3111084,3111084,-0.1,-2.915,3.3764,"Sep 20, 17",0.3591836734693877
2017-09-21,3.25,3.27,3.165,3.19,2170105,2170105,-0.14,-4.204,3.2041,"Sep 21, 17",0.3020408163265305
2017-09-22,3.17,3.18,3.05,3.09,2694004,2694004,-0.1,-3.135,3.1001,"Sep 22, 17",0.2612244897959182
2017-09-25,3.12,3.12,2.9,2.93,3086831,3086831,-0.16,-5.178,2.9568,"Sep 25, 17",0.19591836734693877
2017-09-26,2.97,3.05,2.925,2.95,2857643,2857643,0.02,0.683,2.9683,"Sep 26, 17",0.2040816326530612
2017-09-27,2.98,2.9907,2.78,2.87,3327473,3327473,-0.08,-2.712,2.8612,"Sep 27, 17",0.17142857142857137
2017-09-28,2.81,2.85,2.75,2.81,2636735,2636735,-0.06,-2.091,2.7939,"Sep 28, 17",0.146938775510204
2017-09-29,2.93,3,2.91,2.96,3844184,3844184,0.15,5.338,2.956,"Sep 29, 17",0.20816326530612234
2017-10-02,3.01,3.11,2.99,3.08,4259081,4259081,0.12,4.054,3.0798,"Oct 2, 17",0.25714285714285706
2017-10-03,3.15,3.3799,3.14,3.37,4823493,4823493,0.29,9.416,3.279,"Oct 3, 17",0.3755102040816326
2017-10-04,3.42,3.47,3.3236,3.37,4391302,4391302,0,0,3.392,"Oct 4, 17",0.3755102040816326
2017-10-05,3.47,3.5,3.26,3.27,3794108,3794108,-0.1,-2.967,3.4019,"Oct 5, 17",0.3346938775510203
2017-10-06,3.2,3.24,3.165,3.2,3748849,3748849,-0.07,-2.141,3.2057,"Oct 6, 17",0.3061224489795918
2017-10-09,3.2,3.21,3.01,3.06,4883230,4883230,-0.14,-4.375,3.0532,"Oct 9, 17",0.24897959183673463
2017-10-10,3.1,3.14,3.07,3.1,1984069,1984069,0.04,1.307,3.103,"Oct 10, 17",0.26530612244897955
2017-10-11,3.12,3.125,2.98,2.98,4781205,4781205,-0.12,-3.871,3.0236,"Oct 11, 17",0.2163265306122448
2017-10-12,3.01,3.05,2.97,3,3005306,3005306,0.02,0.671,3.0176,"Oct 12, 17",0.22448979591836726
2017-10-13,3.12,3.2,3.11,3.19,3823364,3823364,0.19,6.333,3.1621,"Oct 13, 17",0.3020408163265305
2017-10-16,3.28,3.3,3.15,3.16,3135726,3135726,-0.03,-0.94,3.1991,"Oct 16, 17",0.2897959183673469
2017-10-17,3.12,3.14,3.04,3.09,1915151,1915151,-0.07,-2.215,3.0802,"Oct 17, 17",0.2612244897959182
2017-10-18,3.08,3.12,3,3.08,1357189,1357189,-0.01,-0.324,3.0658,"Oct 18, 17",0.25714285714285706
2017-10-19,3,3.1,2.97,3.09,2643026,2643026,0.01,0.325,3.0226,"Oct 19, 17",0.2612244897959182
2017-10-20,3.16,3.17,3.09,3.13,4418053,4418053,0.04,1.294,3.1391,"Oct 20, 17",0.27755102040816315
2017-10-23,3.12,3.14,2.99,3.01,1679202,1679202,-0.12,-3.834,3.0547,"Oct 23, 17",0.2285714285714284
2017-10-24,3,3.06,2.975,3.05,3026242,3026242,0.04,1.329,3.0323,"Oct 24, 17",0.2448979591836733
2017-10-25,3.04,3.04,2.925,3.02,2587015,2587015,-0.03,-0.984,2.9919,"Oct 25, 17",0.23265306122448973
2017-10-26,3,3.01,2.83,2.84,4361979,4361979,-0.18,-5.96,2.9023,"Oct 26, 17",0.1591836734693876
2017-10-27,2.81,2.84,2.72,2.73,8020476,8020476,-0.11,-3.873,2.7818,"Oct 27, 17",0.1142857142857142
2017-10-30,2.66,2.765,2.53,2.55,5353245,5353245,-0.18,-6.593,2.6385,"Oct 30, 17",0.040816326530612096
2017-10-31,2.58,2.615,2.51,2.53,3746491,3746491,-0.02,-0.784,2.5546,"Oct 31, 17",0.03265306122448964
2017-11-01,2.58,2.62,2.44,2.45,3566936,3566936,-0.08,-3.162,2.5443,"Nov 1, 17",0
2017-11-02,2.46,2.46,2.38,2.44,3091466,3091466,-0.01,-0.408,2.4003,"Nov 2, 17",-0.0040816326530613185
2017-11-03,2.43,2.435,2.265,2.37,6161371,6161371,-0.07,-2.869,2.3425,"Nov 3, 17",-0.03265306122448982
2017-11-06,2.45,2.58,2.42,2.53,4664587,4664587,0.16,6.751,2.4823,"Nov 6, 17",0.03265306122448964
2017-11-07,2.47,2.48,2.39,2.44,6412636,6412636,-0.09,-3.557,2.4318,"Nov 7, 17",-0.0040816326530613185
2017-11-08,2.52,2.54,2.45,2.49,2221662,2221662,0.05,2.049,2.4904,"Nov 8, 17",0.01632653061224491
2017-11-09,2.43,2.44,2.365,2.4,1690489,1690489,-0.09,-3.614,2.4054,"Nov 9, 17",-0.02040816326530623
2017-11-10,2.35,2.37,2.2628,2.34,3950536,3950536,-0.06,-2.5,2.3063,"Nov 10, 17",-0.0448979591836736
2017-11-13,2.33,2.38,2.31,2.36,1109425,1109425,0.02,0.855,2.3475,"Nov 13, 17",-0.03673469387755114
2017-11-14,2.37,2.37,2.2,2.22,3386596,3386596,-0.14,-5.932,2.2687,"Nov 14, 17",-0.09387755102040815
2017-11-15,2.18,2.24,2.17,2.23,1266197,1266197,0.01,0.45,2.2143,"Nov 15, 17",-0.08979591836734702
2017-11-16,2.26,2.29,2.2,2.23,2154255,2154255,0,0,2.249,"Nov 16, 17",-0.08979591836734702
2017-11-17,2.21,2.34,2.19,2.33,3175102,3175102,0.1,4.484,2.2495,"Nov 17, 17",-0.04897959183673473
2017-11-20,2.32,2.34,2.29,2.34,1298128,1298128,0.01,0.429,2.3162,"Nov 20, 17",-0.0448979591836736
2017-11-21,2.39,2.42,2.32,2.33,2102322,2102322,-0.01,-0.427,2.3682,"Nov 21, 17",-0.04897959183673473
2017-11-22,2.39,2.43,2.36,2.39,1562117,1562117,0.06,2.575,2.3927,"Nov 22, 17",-0.024489795918367366
2017-11-24,2.48,2.5,2.42,2.42,1727109,1727109,0.03,1.255,2.4543,"Nov 24, 17",-0.012244897959183773
2017-11-27,2.42,2.45,2.38,2.42,1839698,1839698,0,0,2.4106,"Nov 27, 17",-0.012244897959183773
2017-11-28,2.45,2.51,2.205,2.29,9169627,9169627,-0.13,-5.372,2.3721,"Nov 28, 17",-0.06530612244897964
2017-11-29,2.35,2.35,2.26,2.28,3043864,3043864,-0.01,-0.437,2.296,"Nov 29, 17",-0.06938775510204097
2017-11-30,2.22,2.28,2.185,2.22,5006914,5006914,-0.06,-2.632,2.2253,"Nov 30, 17",-0.09387755102040815
2017-12-01,2.24,2.28,2.21,2.22,1120284,1120284,0,0,2.2392,"Dec 1, 17",-0.09387755102040815
2017-12-04,2.28,2.33,2.27,2.28,1655308,1655308,0.06,2.703,2.299,"Dec 4, 17",-0.06938775510204097
2017-12-05,2.32,2.32,2.2,2.21,1180957,1180957,-0.07,-3.07,2.2564,"Dec 5, 17",-0.09795918367346947
2017-12-06,2.22,2.27,2.19,2.24,2365062,2365062,0.03,1.357,2.2305,"Dec 6, 17",-0.08571428571428569
2017-12-07,2.16,2.21,2.15,2.19,1104356,1104356,-0.05,-2.232,2.1842,"Dec 7, 17",-0.10612244897959193
2017-12-08,2.2,2.21,2.16,2.17,1146722,1146722,-0.02,-0.913,2.1857,"Dec 8, 17",-0.11428571428571438
2017-12-11,2.21,2.23,2.19,2.23,1322703,1322703,0.06,2.765,2.2128,"Dec 11, 17",-0.08979591836734702
2017-12-12,2.21,2.34,2.2,2.32,2307626,2307626,0.09,4.036,2.2611,"Dec 12, 17",-0.053061224489796055
2017-12-13,2.32,2.33,2.25,2.29,1295013,1295013,-0.03,-1.293,2.2954,"Dec 13, 17",-0.06530612244897964
2017-12-14,2.25,2.29,2.24,2.25,1465728,1465728,-0.04,-1.747,2.2618,"Dec 14, 17",-0.08163265306122455
2017-12-15,2.3,2.36,2.29,2.32,1702620,1702620,0.07,3.111,2.3268,"Dec 15, 17",-0.053061224489796055
2017-12-18,2.33,2.36,2.25,2.25,1877895,1877895,-0.07,-3.017,2.3043,"Dec 18, 17",-0.08163265306122455
2017-12-19,2.255,2.26,2.19,2.23,3505898,3505898,-0.02,-0.889,2.2105,"Dec 19, 17",-0.08979591836734702
2017-12-20,2.27,2.37,2.25,2.3,5827412,5827412,0.07,3.139,2.3328,"Dec 20, 17",-0.061224489795918505
2017-12-21,2.345,2.42,2.32,2.4,2376843,2376843,0.1,4.348,2.3642,"Dec 21, 17",-0.02040816326530623
2017-12-22,2.39,2.41,2.34,2.38,1525705,1525705,-0.02,-0.833,2.3792,"Dec 22, 17",-0.028571428571428685
2017-12-26,2.4,2.44,2.39,2.4,1030026,1030026,0.02,0.84,2.4172,"Dec 26, 17",-0.02040816326530623
2017-12-27,2.43,2.48,2.41,2.44,1882363,1882363,0.04,1.667,2.4542,"Dec 27, 17",-0.0040816326530613185
2017-12-28,2.47,2.53,2.46,2.52,2334166,2334166,0.08,3.279,2.5029,"Dec 28, 17",0.028571428571428505
2017-12-29,2.52,2.55,2.45,2.45,1906622,1906622,-0.07,-2.778,2.4823,"Dec 29, 17",0
2018-01-02,2.56,2.66,2.54,2.66,2474687,2474687,0.21,8.571,2.6143,"Jan 2, 18",0.08571428571428569
2018-01-03,2.7,2.73,2.67,2.73,1959818,1959818,0.07,2.632,2.7057,"Jan 3, 18",0.1142857142857142
2018-01-04,2.87,2.91,2.801,2.85,2784511,2784511,0.12,4.396,2.8598,"Jan 4, 18",0.16326530612244894
2018-01-05,2.84,2.91,2.8,2.9,2296385,2296385,0.05,1.754,2.8672,"Jan 5, 18",0.18367346938775497
2018-01-08,2.97,3.06,2.945,3.03,5372732,5372732,0.13,4.483,3.0164,"Jan 8, 18",0.23673469387755086
2018-01-09,3.08,3.12,3.075,3.11,4140703,4140703,0.08,2.64,3.1019,"Jan 9, 18",0.26938775510204066
2018-01-10,3.14,3.17,3.1,3.14,4658178,4658178,0.03,0.965,3.1325,"Jan 10, 18",0.2816326530612244
2018-01-11,3.2,3.4,3.19,3.35,10295075,10295075,0.21,6.688,3.3111,"Jan 11, 18",0.36734693877551017
2018-01-12,3.4,3.49,3.255,3.31,8403180,8403180,-0.04,-1.194,3.3678,"Jan 12, 18",0.35102040816326524
2018-01-16,3.34,3.355,3.21,3.24,5468118,5468118,-0.07,-2.115,3.2912,"Jan 16, 18",0.3224489795918367
2018-01-17,3.21,3.37,3.18,3.36,7779272,7779272,0.12,3.704,3.2705,"Jan 17, 18",0.3714285714285713
2018-01-18,3.35,3.38,3.21,3.21,3300113,3300113,-0.15,-4.464,3.2838,"Jan 18, 18",0.31020408163265295
2018-01-19,3.3,3.34,3.25,3.34,3371835,3371835,0.13,4.05,3.2997,"Jan 19, 18",0.36326530612244884
2018-01-22,3.31,3.35,3.275,3.28,3151992,3151992,-0.06,-1.796,3.3088,"Jan 22, 18",0.3387755102040815
2018-01-23,3.21,3.24,3.12,3.13,3461413,3461413,-0.15,-4.573,3.1618,"Jan 23, 18",0.27755102040816315
2018-01-24,3.29,3.42,3.27,3.37,7954388,7954388,0.24,7.668,3.3281,"Jan 24, 18",0.3755102040816326
2018-01-25,3.35,3.42,3.3,3.36,3882310,3882310,-0.01,-0.297,3.3752,"Jan 25, 18",0.3714285714285713
2018-01-26,3.36,3.43,3.36,3.39,5432519,5432519,0.03,0.893,3.3934,"Jan 26, 18",0.38367346938775504
2018-01-29,3.37,3.39,3.28,3.29,2416757,2416757,-0.1,-2.95,3.3318,"Jan 29, 18",0.34285714285714275
2018-01-30,3.35,3.39,3.315,3.36,2770007,2770007,0.07,2.128,3.3565,"Jan 30, 18",0.3714285714285713
2018-01-31,3.52,3.53,3.38,3.4,4249956,4249956,0.04,1.19,3.4601,"Jan 31, 18",0.3877551020408162
2018-02-01,3.42,3.505,3.395,3.41,3829855,3829855,0.01,0.294,3.4523,"Feb 1, 18",0.39183673469387753
2018-02-02,3.36,3.36,3.2,3.2,4368158,4368158,-0.21,-6.158,3.277,"Feb 2, 18",0.3061224489795918
2018-02-05,3.2,3.25,3.03,3.08,4874534,4874534,-0.12,-3.75,3.1578,"Feb 5, 18",0.25714285714285706
2018-02-06,3,3.215,3,3.19,2730883,2730883,0.11,3.571,3.141,"Feb 6, 18",0.3020408163265305
2018-02-07,3.2,3.25,3.06,3.09,2539001,2539001,-0.1,-3.135,3.1191,"Feb 7, 18",0.2612244897959182
2018-02-08,3.13,3.13,2.96,2.96,3392557,3392557,-0.13,-4.207,3.0341,"Feb 8, 18",0.20816326530612234
2018-02-09,3,3.12,2.83,3.08,7729636,7729636,0.12,4.054,2.967,"Feb 9, 18",0.25714285714285706
2018-02-12,3.11,3.13,3,3.03,1944068,1944068,-0.05,-1.623,3.0457,"Feb 12, 18",0.23673469387755086
2018-02-13,3.01,3.21,3.01,3.18,3285861,3285861,0.15,4.95,3.1509,"Feb 13, 18",0.29795918367346935
2018-02-14,3.11,3.29,3.08,3.28,4708910,4708910,0.1,3.145,3.1947,"Feb 14, 18",0.3387755102040815
2018-02-15,3.31,3.355,3.22,3.23,2189961,2189961,-0.05,-1.524,3.2899,"Feb 15, 18",0.3183673469387754
2018-02-16,3.23,3.32,3.19,3.28,2782692,2782692,0.05,1.548,3.2536,"Feb 16, 18",0.3387755102040815
2018-02-20,3.16,3.21,3.13,3.15,2812486,2812486,-0.13,-3.963,3.1743,"Feb 20, 18",0.2857142857142856
2018-02-21,3.18,3.21,3.12,3.13,1673917,1673917,-0.02,-0.635,3.1613,"Feb 21, 18",0.27755102040816315
2018-02-22,3.17,3.19,3.08,3.09,1198722,1198722,-0.04,-1.278,3.1224,"Feb 22, 18",0.2612244897959182
2018-02-23,3.09,3.15,3.065,3.11,2061665,2061665,0.02,0.647,3.1168,"Feb 23, 18",0.26938775510204066
2018-02-26,3.22,3.33,3.195,3.3,3630181,3630181,0.19,6.109,3.2687,"Feb 26, 18",0.3469387755102039
2018-02-27,3.29,3.31,3.2,3.22,2884391,2884391,-0.08,-2.424,3.2428,"Feb 27, 18",0.3142857142857143
2018-02-28,3.22,3.26,3.07,3.07,4338888,4338888,-0.15,-4.658,3.1529,"Feb 28, 18",0.2530612244897958
2018-03-01,3.11,3.14,2.89,2.93,5182088,5182088,-0.14,-4.56,2.9655,"Mar 1, 18",0.19591836734693877
2018-03-02,2.78,2.81,2.63,2.79,4983359,4983359,-0.14,-4.778,2.7314,"Mar 2, 18",0.13877551020408158
2018-03-05,2.71,2.82,2.7,2.77,1897762,1897762,-0.02,-0.717,2.7763,"Mar 5, 18",0.1306122448979591
2018-03-06,2.85,2.89,2.79,2.79,2343290,2343290,0.02,0.722,2.8328,"Mar 6, 18",0.13877551020408158
2018-03-07,2.75,2.78,2.64,2.73,2617469,2617469,-0.06,-2.151,2.7097,"Mar 7, 18",0.1142857142857142
2018-03-08,2.71,2.715,2.59,2.59,2706253,2706253,-0.14,-5.128,2.6471,"Mar 8, 18",0.05714285714285701
2018-03-09,2.66,2.73,2.64,2.69,3670876,3670876,0.1,3.861,2.6882,"Mar 9, 18",0.09795918367346929
2018-03-12,2.71,2.76,2.69,2.71,2065434,2065434,0.02,0.743,2.7152,"Mar 12, 18",0.10612244897959174
2018-03-13,2.74,2.77,2.65,2.68,2093916,2093916,-0.03,-1.107,2.7032,"Mar 13, 18",0.09387755102040815
2018-03-14,2.7342,2.74,2.65,2.66,1909192,1909192,-0.02,-0.746,2.6805,"Mar 14, 18",0.08571428571428569
2018-03-15,2.63,2.63,2.54,2.55,1682045,1682045,-0.11,-4.135,2.5693,"Mar 15, 18",0.040816326530612096
2018-03-16,2.54,2.6,2.53,2.54,2489349,2489349,-0.01,-0.392,2.5522,"Mar 16, 18",0.03673469387755096
2018-03-19,2.5,2.52,2.45,2.46,2736342,2736342,-0.08,-3.15,2.4756,"Mar 19, 18",0.004081632653061137
2018-03-20,2.49,2.55,2.44,2.48,4224946,4224946,0.02,0.813,2.4901,"Mar 20, 18",0.012244897959183593
2018-03-21,2.49,2.66,2.49,2.66,5022720,5022720,0.18,7.258,2.5793,"Mar 21, 18",0.08571428571428569
2018-03-22,2.61,2.75,2.56,2.58,5235802,5235802,-0.08,-3.008,2.645,"Mar 22, 18",0.05306122448979587
2018-03-23,2.63,2.64,2.5,2.51,2797269,2797269,-0.07,-2.713,2.5716,"Mar 23, 18",0.024489795918367186
2018-03-26,2.59,2.6,2.505,2.55,2651966,2651966,0.04,1.594,2.5609,"Mar 26, 18",0.040816326530612096
2018-03-27,2.59,2.59,2.47,2.49,2295536,2295536,-0.06,-2.353,2.5174,"Mar 27, 18",0.01632653061224491
2018-03-28,2.42,2.48,2.38,2.46,1899302,1899302,-0.03,-1.205,2.439,"Mar 28, 18",0.004081632653061137
2018-03-29,2.51,2.67,2.51,2.63,5718650,5718650,0.17,6.911,2.6164,"Mar 29, 18",0.07346938775510192
2018-04-02,2.68,2.69,2.6,2.66,1668906,1668906,0.03,1.141,2.6442,"Apr 2, 18",0.08571428571428569
2018-04-03,2.69,2.705,2.57,2.6,1256828,1256828,-0.06,-2.256,2.6266,"Apr 3, 18",0.061224489795918324
2018-04-04,2.53,2.56,2.47,2.54,2832514,2832514,-0.06,-2.308,2.5233,"Apr 4, 18",0.03673469387755096
2018-04-05,2.62,2.675,2.594,2.62,4483348,4483348,0.08,3.15,2.6338,"Apr 5, 18",0.06938775510204079
2018-04-06,2.59,2.61,2.5,2.52,1808876,1808876,-0.1,-3.817,2.5362,"Apr 6, 18",0.028571428571428505
2018-04-09,2.52,2.52,2.44,2.44,2259073,2259073,-0.08,-3.175,2.4829,"Apr 9, 18",-0.0040816326530613185
2018-04-10,2.48,2.51,2.46,2.46,1673029,1673029,0.02,0.82,2.4819,"Apr 10, 18",0.004081632653061137
2018-04-11,2.51,2.6,2.495,2.55,4532131,4532131,0.09,3.659,2.5637,"Apr 11, 18",0.040816326530612096
2018-04-12,2.6,2.62,2.57,2.59,1253638,1253638,0.04,1.569,2.5953,"Apr 12, 18",0.05714285714285701
2018-04-13,2.61,2.62,2.52,2.53,1725656,1725656,-0.06,-2.317,2.5603,"Apr 13, 18",0.03265306122448964
2018-04-16,2.52,2.53,2.45,2.49,1888542,1888542,-0.04,-1.581,2.4835,Apr 16,0.01632653061224491
2018-04-17,2.52,2.57,2.5,2.54,1268195,1268195,0.05,2.008,2.5423,Apr 17,0.03673469387755096
2018-04-18,2.6,2.74,2.6,2.73,5694486,5694486,0.19,7.48,2.687,Apr 18,0.1142857142857142
2018-04-19,2.7243,2.75,2.7,2.74,4952199,4952199,0.01,0.366,2.721,Apr 19,0.11836734693877551
2018-04-20,2.72,2.75,2.625,2.65,5017727,5017727,-0.09,-3.285,2.7023,Apr 20,0.08163265306122437
2018-04-23,2.62,2.68,2.595,2.63,1711562,1711562,-0.02,-0.755,2.6359,Apr 23,0.07346938775510192
2018-04-24,2.64,2.68,2.58,2.63,1896481,1896481,0,0,2.6281,Apr 24,0.07346938775510192
2018-04-25,2.58,2.61,2.53,2.59,1451430,1451430,-0.04,-1.521,2.5791,Apr 25,0.05714285714285701
2018-04-26,2.61,2.66,2.59,2.64,1502758,1502758,0.05,1.931,2.6256,Apr 26,0.07755102040816324
2018-04-27,2.66,2.67,2.56,2.56,2114225,2114225,-0.08,-3.03,2.6014,Apr 27,0.04489795918367342
2018-04-30,2.58,2.59,2.49,2.51,2044476,2044476,-0.05,-1.953,2.5209,Apr 30,0.024489795918367186
2018-05-01,2.49,2.55,2.415,2.5,4286719,4286719,-0.01,-0.398,2.4935,May 1,0.020408163265306048
2018-05-02,2.54,2.585,2.5,2.5,2386438,2386438,0,0,2.544,May 2,0.020408163265306048
2018-05-03,2.5,2.5,2.39,2.43,1534597,1534597,-0.07,-2.8,2.4391,May 3,-0.008163265306122455
2018-05-04,2.42,2.5,2.405,2.45,1710615,1710615,0.02,0.823,2.46,May 4,0
2018-05-07,2.43,2.47,2.35,2.35,1561269,1561269,-0.1,-4.082,2.3927,May 7,-0.040816326530612276
2018-05-08,2.38,2.39,2.3,2.35,3337020,3337020,0,0,2.3398,May 8,-0.040816326530612276
2018-05-09,2.35,2.4,2.34,2.39,2623511,2623511,0.04,1.702,2.3784,May 9,-0.024489795918367366
2018-05-10,2.45,2.52,2.43,2.5,3800417,3800417,0.11,4.603,2.484,May 10,0.020408163265306048
2018-05-11,2.58,2.61,2.5,2.53,1561923,1561923,0.03,1.2,2.5526,May 11,0.03265306122448964
2018-05-14,2.62,2.67,2.56,2.61,3549130,3549130,0.08,3.162,2.6191,May 14,0.06530612244897946
2018-05-15,2.52,2.63,2.49,2.56,3094965,3094965,-0.05,-1.916,2.5803,May 15,0.04489795918367342